ROI,Set,Object Class,Mean green (44411C83-609B-4758-93D3-FF62DF246855),Standard deviation green (4B11667E-1449-440f-8D7B-0A4D90E62B3E),Mean red (44411C83-609B-4758-93D3-FF62DF246855),Standard deviation red (4B11667E-1449-440f-8D7B-0A4D90E62B3E),Mean LidarCHM (44411C83-609B-4758-93D3-FF62DF246855),Standard deviation LidarCHM (4B11667E-1449-440f-8D7B-0A4D90E62B3E),Mean VARI (44411C83-609B-4758-93D3-FF62DF246855),Compactness (1F03F8EB-A21A-4d53-B9DA-391FFE1B804D),Asymmetry (D9CC01FF-7C3D-4861-9608-38D8EB2D3CCC),Roundness (10DB8137-DB64-4e20-803F-9356BF3DB4A8),GLCM Mean (all dir.) (36BF5FD8-6AC1-4ef2-A967-255B5ACF270B),GLCM StdDev (all dir.) (A8922BC5-0EB5-416b-90C4-AF11449257FB)
B,Train,Angophora subvelutina,122.9735641,50.09460449,100.8044586,49.80023193,9.796541214,5.556114674,0.06899634,2.968746662,0.58620739,1.535143852,127.3012543,36.79655075
B,Train,Angophora subvelutina,130.0593719,39.83178329,120.9230118,40.01588821,12.45959091,8.061405182,0.024901496,2.722941875,0.57245326,1.380463839,127.5565567,36.47624207
B,Train,Angophora subvelutina,219.6885529,31.31207848,199.6768494,40.62355804,17.76438332,5.293075085,0.032968935,3.770227432,0.863140643,2.034043789,123.4030151,39.35975647
B,Train,Corymbia intermedia,112.6752014,52.16467285,96.52080536,50.96503448,22.45575714,3.086506605,0.053221282,2.270661354,0.711681247,1.103729129,127.0011902,36.79148102
B,Train,Corymbia intermedia,116.6284027,39.93804169,99.69020081,36.68427277,12.59495544,5.22693634,0.054632939,1.850144506,0.615251064,1.043793917,127.3899002,36.98657608
B,Train,Corymbia intermedia,121.4384766,50.83747482,105.6485748,50.21713638,12.32061863,8.013602257,0.048921824,3.023581266,0.681757987,1.790824771,128.6148529,37.42599487
B,Train,Corymbia intermedia,150.6701202,52.4103508,140.4466858,51.21590424,25.46832848,8.149044037,0.024748385,3.625140429,0.582100153,1.73383522,126.1479797,37.23399353
B,Train,Corymbia intermedia,194.7271118,37.9379921,173.9557648,41.38222122,27.14043427,5.643954277,0.039554968,3.80763483,0.523533344,2.123749256,126.1592484,37.00497055
B,Train,Corymbia intermedia,223.1226349,22.03876686,212.3668213,25.37315941,25.90125656,1.341295719,0.017168658,3.414753914,0.569231808,1.902663946,123.4810028,38.61148834
B,Train,Corymbia intermedia,83.72161102,42.48378754,73.83099365,39.84111023,15.41340446,8.409401894,0.043269187,2.288711309,0.513976514,1.163885951,127.9783554,36.61765671
B,Train,Corymbia intermedia,95.695961,35.14289474,82.94668579,34.55419159,21.56661606,2.085299492,0.050724931,5.625834942,0.658027172,3.140558481,129.5210266,38.59406662
B,Train,Eucalyptus grandis,160.0275879,50.00935364,136.5010376,49.72110367,23.79994583,11.31697369,0.057016131,3.808381319,0.847124577,2.063698292,127.1647568,36.65587234
B,Train,Eucalyptus grandis,173.1993866,59.96529388,142.4356537,62.79524231,21.78333092,3.128935099,0.070724212,3.358091593,0.715271235,2.086377144,126.7750702,36.78842545
B,Train,Eucalyptus grandis,204.171463,36.2855835,188.906311,39.15665436,18.05140114,11.66587353,0.027717592,2.219159126,0.70455116,1.520683169,125.8158951,36.35055542
B,Train,Eucalyptus microcorys,169.2462463,38.1653595,149.7820282,37.73310089,17.44691467,2.675295353,0.043218419,2.336395264,0.530593634,1.26471746,126.2963715,37.0822258
B,Train,Eucalyptus microcorys,204.8148956,44.02895737,205.3005066,44.33231354,22.94275284,6.309053421,-0.000831603,3.211297274,0.573725462,1.763587117,125.9464798,36.48085022
B,Train,Eucalyptus propinqua,111.7111893,43.82539368,99.33582306,44.27529907,20.56104279,2.564718008,0.041952137,3.054991007,0.605411053,2.107397079,126.7804794,36.91497421
B,Train,Eucalyptus propinqua,116.2368011,43.58026505,100.5296631,42.64319611,22.35884476,8.40780735,0.051251005,2.846097946,0.811373234,1.546602845,127.1733856,36.9053688
B,Train,Eucalyptus propinqua,128.0312805,45.8082695,123.3041382,47.89904785,19.99331665,2.60922575,0.013355018,2.433808327,0.186563104,1.234871864,126.6898651,36.80216217
B,Train,Eucalyptus propinqua,131.5821838,43.46582794,120.9761658,42.65779495,21.69017601,4.594338894,0.029804124,1.873343468,0.553227961,1.141820431,126.540451,36.75233459
B,Train,Eucalyptus propinqua,135.6204987,41.24807358,119.0500412,40.1816864,21.00516701,5.305006027,0.046385035,2.356293201,0.585935295,1.657651067,126.558548,36.92637253
B,Train,Eucalyptus propinqua,160.2029572,37.49303818,156.8654175,37.82807159,24.57400894,2.045618773,0.007523439,2.634805441,0.500543296,1.405370593,126.3968048,37.10218811
B,Train,Eucalyptus propinqua,174.1758728,57.68818665,141.1872864,56.91460419,22.92516136,3.880790949,0.075644501,2.262402296,0.227353677,1.236432791,126.0833206,36.81716919
B,Train,Eucalyptus propinqua,187.60849,50.20137024,159.0506897,50.13187408,23.75055313,4.778880119,0.059529699,3.304306507,0.790784717,1.686102033,125.867569,37.18408966
B,Train,Eucalyptus propinqua,191.3033142,47.84591675,174.2202911,48.30688095,26.5696888,3.478439808,0.033171091,3.479813099,0.605616808,2.024487734,125.2260208,37.25064468
B,Train,Eucalyptus propinqua,216.3892212,38.35145569,210.7986908,40.45027542,23.29018402,3.161165953,0.009401274,2.769608259,0.485338062,1.691953063,125.1580811,37.61778259
B,Train,Eucalyptus propinqua,28.53285217,10.53420639,15.99730206,8.350370407,14.5539608,5.452578068,0.169470221,4.345087051,0.797022641,2.619683981,126.9616089,32.60707092
B,Train,Eucalyptus propinqua,42.47005844,18.36157227,30.70973778,16.35871506,15.24610138,8.049724579,0.105889998,2.480446339,0.799313784,1.43115747,127.4264297,35.06911087
B,Train,Eucalyptus propinqua,96.97636414,43.19912338,87.67375183,43.56201172,19.54097748,7.937674046,0.035730179,2.877477884,0.405215323,1.625271082,127.4941101,36.55156708
B,Train,Eucalyptus racemosa,121.9311752,40.92959976,108.8756561,39.26102448,20.14028549,7.24987793,0.039354466,2.764159441,0.113197878,1.714742661,129.0452728,38.14774704
B,Train,Eucalyptus racemosa,157.0582733,50.09540176,144.4857941,49.84937286,23.84114647,2.642830849,0.029039085,2.964171648,0.535341144,1.396989584,126.9548264,37.10406876
B,Train,Eucalyptus racemosa,188.124649,47.41264725,178.5647736,46.86633301,20.75102425,3.812945366,0.018120907,3.097598076,0.16386874,1.453618884,126.6982193,37.40449524
B,Train,Eucalyptus racemosa,190.0505066,49.45145035,182.2635193,48.91766739,19.40960884,5.98260355,0.014554345,3.036618948,0.37119627,1.729177237,125.5099945,37.61317062
B,Train,Eucalyptus racemosa,199.883667,32.06151581,194.0522308,32.34853745,20.6511898,7.829277515,0.010307482,2.337400675,0.316045374,1.548168302,124.9876709,38.373806
B,Train,Eucalyptus racemosa,204.4542236,43.87324524,195.570816,44.90657806,10.95342922,10.18068123,0.015563242,2.238814116,0.324866354,1.16712594,126.0088882,36.8278923
B,Train,Eucalyptus racemosa,207.9746399,31.21945953,198.1959381,33.02262115,23.69357491,3.819030523,0.01678168,2.433171511,0.84791851,1.565736055,125.2160568,37.71082306
B,Train,Eucalyptus siderophloia,155.3828735,51.30168915,142.9715271,51.53962708,20.61019135,7.232596874,0.029540466,3.670378447,0.552006543,2.124937773,128.6677399,37.33153534
B,Train,Eucalyptus siderophloia,211.6185455,29.70885468,200.2079315,31.55220413,18.94219208,7.411852837,0.019223962,3.578633308,0.258557677,2.23328042,124.8140335,37.58570099
B,Train,Eucalyptus siderophloia,226.3382721,34.42020416,216.1998444,40.23157501,16.91927719,3.963221073,0.016184842,2.824467897,0.395083308,1.490653992,126.0403442,36.05835724
B,Train,Eucalyptus siderophloia,236.3405609,20.65077209,228.6985474,24.22793579,21.36782837,6.029536247,0.011532378,2.244876862,0.2838431,1.24199295,126.540062,33.7944603
B,Train,Eucalyptus siderophloia,237.9039154,11.89175797,234.068161,13.3786974,18.63642693,2.964202642,0.005522584,3.709259748,0.749334753,1.639543414,121.1346741,39.37059021
B,Train,Grass,114.9177017,33.2822876,109.8008118,34.49468613,0.081978671,0.305296719,0.016245222,5.083265781,0.623030066,2.433156729,127.54879,37.14543152
B,Train,Grass,123.370285,34.34363174,101.8649826,34.62953568,0.141545966,0.428439081,0.06971629,2.551479816,0.327148169,1.591486096,127.3924179,37.06870651
B,Train,Grass,147.9641266,34.89622498,148.1799774,33.25173187,0,0,-0.000536853,2.482520342,0.45602724,1.623377442,128.8603668,37.73112869
B,Train,Grass,158.6736908,32.63586044,151.429718,31.99221992,0,0,0.017238619,2.441766977,0.702188551,1.528407574,129.3427582,38.17165756
B,Train,Grass,164.7348633,36.99646759,154.6777344,38.34315109,0.034583285,0.181944653,0.023064956,2.106757402,0.21243149,1.371996403,126.5601273,36.65402603
B,Train,Grass,167.849472,44.38934708,157.211792,43.82901001,0.305323392,0.362128615,0.023877995,2.290740013,0.707162619,1.428142786,126.7532806,36.54958344
B,Train,Grass,170.9135895,27.09080505,170.4119568,26.44451141,0.047383185,0.60765028,0.001077762,2.5080266,0.718439102,1.476518869,127.5751801,36.64788055
B,Train,Grass,175.953186,34.48319626,182.3888397,33.25780106,0.141564861,0.937749922,-0.013189196,2.246561766,0.702293754,1.110446334,127.4508362,36.70164871
B,Train,Grass,177.0628357,29.27358818,167.178299,30.02674675,0.447868019,1.503551722,0.020840932,3.416096687,0.281775415,2.071091175,127.985527,36.32817459
B,Train,Grass,178.8018188,37.01773453,160.2849274,36.31534576,0.462584436,0.462942392,0.040273424,2.119303942,0.543683469,1.163636088,127.0069427,36.3432045
B,Train,Grass,182.9981537,30.86429787,184.1338654,28.84375,0,0,-0.00224926,2.373948336,0.564354002,1.414466143,127.9974289,36.73366165
B,Train,Grass,185.8431702,40.59141541,193.1483459,37.83953476,0,0,-0.014237355,2.812270403,0.424238205,1.851400614,128.7743073,37.63256454
B,Train,Grass,192.5094452,31.86323166,184.1586456,30.97613525,0.185718045,0.365259528,0.016143242,2.848515511,0.753458679,1.458046556,126.1358414,37.1095047
B,Train,Grass,193.5149689,30.86944389,184.8527222,30.76607513,1.50461638,3.186146736,0.016703954,2.209712029,0.624955416,1.045556307,125.7729111,37.43698502
B,Train,Grass,195.8323822,34.72708893,184.2067566,34.75362396,0.0709574,0.433873653,0.022480117,2.489155769,0.374021202,1.340505719,127.0331039,36.51956558
B,Train,Grass,198.3163605,23.04761124,190.3190308,22.48749542,0.158136174,0.330239326,0.015072875,2.929917097,0.903137326,1.802718282,125.6811371,37.35488129
B,Train,Grass,199.7619171,30.29371834,152.3179169,29.65888214,0,0,0.10135293,1.88125217,0.674353242,0.881846428,127.1181412,36.28537369
B,Train,Grass,200.0925293,22.28960037,192.5296478,22.50186539,0.152042538,0.334968984,0.013934051,4.363354206,0.570741653,2.381077766,125.3304977,37.30475235
B,Train,Grass,200.2459259,28.82339478,200.9650116,27.66644859,0.106533609,0.708967686,-0.001310738,2.240531921,0.413745165,1.042993426,126.8278351,36.52313614
B,Train,Grass,202.3691711,27.46290588,158.365921,28.11103439,0,0,0.091915466,3.053679943,0.701873899,1.714649916,127.3009949,36.36504745
B,Train,Grass,203.0145721,41.80555344,210.831604,39.59810257,0,0,-0.01388532,2.468142033,0.795380592,1.176840425,127.4548721,36.55961609
B,Train,Grass,203.7199707,21.91102791,195.6147614,22.49235535,0,0,0.014608099,2.163710833,0.660492182,1.35135591,126.3527908,36.06874466
B,Train,Grass,206.3547516,22.52098274,199.8860168,25.20224953,0.223366439,0.363115221,0.011669081,2.2880826,0.826776028,1.325591326,127.1417389,35.20925903
B,Train,Grass,207.7895203,23.50703621,217.4139404,22.33724403,0.045005627,0.637074471,-0.016105864,1.591814399,0.898418844,0.734729707,126.9877167,36.14017868
B,Train,Grass,209.5805817,17.24256325,196.320694,20.11416435,0.004587199,0.165975884,0.023998804,2.178632259,0.798979342,1.367464542,126.1830368,36.70912933
B,Train,Grass,209.6656952,22.60211563,185.3580627,24.15707207,0.344202131,1.812835693,0.044542134,2.551726818,0.703979969,1.712677956,127.0490875,35.69740295
B,Train,Grass,209.754715,16.21426773,197.2716064,17.88886261,0,0,0.022233922,2.089748621,0.287763357,1.108069897,127.1957321,34.95980072
B,Train,Grass,210.1677399,31.70376778,208.5049438,29.30626297,0.102900572,0.267636538,0.002884351,3.227549791,0.752495706,2.121291399,126.5716248,36.30088425
B,Train,Grass,210.9786072,43.07652664,205.8575897,44.29632187,0.564868748,1.119170547,0.009026776,2.455510855,0.415926784,1.529922843,127.2651215,36.2037735
B,Train,Grass,210.9962616,35.14453506,197.7510681,36.7416954,0.596692681,0.611214995,0.023915451,2.2975986,0.574027777,1.449749351,126.8822937,36.48774338
B,Train,Grass,211.1585541,27.18590355,202.4732819,28.50229263,0.641688526,2.885556459,0.015315926,2.529038668,0.85533154,1.504987478,126.1835098,36.48739624
B,Train,Grass,214.500473,16.2550087,182.0593414,17.61662292,0,0,0.059995316,1.735582352,0.308149874,1.053272009,127.0010834,34.84877777
B,Train,Grass,214.8993988,17.59467888,209.9554901,18.89868927,0,0,0.008447874,4.924530029,0.673807979,2.404039621,125.4125061,36.91450882
B,Train,Grass,215.3385773,18.25163651,225.3783875,17.43133354,0.046776924,0.443478137,-0.016201815,1.781647682,0.091049887,0.80780834,126.6352921,36.5703392
B,Train,Grass,215.3437958,27.23850632,207.3745422,26.54956627,0.198187113,0.984676242,0.013883173,2.03717351,0.820480406,1.086298823,126.9360504,35.86980057
B,Train,Grass,216.6776581,23.53160286,216.2426605,25.02093315,0,0,0.000720475,1.993510008,0.301188588,0.88172859,126.7836685,35.54090881
B,Train,Grass,218.0805054,24.98934555,221.6377869,22.3267746,0,0,-0.005811023,2.062023401,0.935034871,1.674479604,127.045372,35.49348831
B,Train,Grass,219.3850403,22.80025291,215.0969543,23.71993256,0,0,0.007154144,2.101750135,0.851440847,1.094518065,127.1639175,35.60197067
B,Train,Grass,220.760849,37.51557159,223.042099,36.87447357,0.131423816,0.361276418,-0.003681736,2.015549421,0.529037297,1.494372725,126.8409271,36.14715958
B,Train,Grass,221.1726837,30.99243927,211.049881,33.21693802,0.000161676,0.010483894,0.017161332,2.379429102,0.419399291,1.284535766,127.191658,35.62435532
B,Train,Grass,222.449234,22.43525124,215.3231812,23.07669258,0,0,0.012052356,4.149036407,0.585602105,2.26390934,124.7089767,37.15284729
B,Train,Grass,235.7548218,29.48690224,234.6070862,29.05830956,0.607225955,0.484715283,0.00173673,2.672492027,0.389264673,1.460454106,125.9584579,34.75442886
B,Train,Grass,235.8702087,15.30352592,236.6632385,14.15617847,0.011934142,0.23476097,-0.001200817,2.238285065,0.863494813,0.955303371,126.7882767,33.66835785
B,Train,Grass,236.677948,25.54908562,234.9086456,26.77955055,0.198388353,0.400961101,0.00269099,3.790840387,0.411073148,1.971228719,126.1059723,34.32341385
B,Train,Grass,242.5875092,20.13911438,240.206131,21.67569351,0.114192784,0.277047396,0.003518116,3.250361919,0.732511878,1.851560712,125.8482361,33.96821976
B,Train,Grass,47.96445465,6.722399712,22.91275215,6.106010914,0,0,0.212378442,2.300507784,0.425445348,1.356286883,126.4959259,32.35310745
B,Train,Grass,52.24106598,12.02716351,36.0108223,11.92235184,0.010134889,0.091815613,0.114398949,1.759311199,0.395050913,0.669794977,126.6303177,34.46249008
B,Train,Grass,88.20632172,20.38380051,68.34357452,22.39018631,0,0,0.088699959,2.105201006,0.162514269,1.593387365,127.7655106,36.60157394
B,Train,Gravel,107.9390793,24.06500053,94.40629578,27.32005119,0.03974152,0.138680488,0.042333804,2.038766623,0.728917181,1.208154321,126.7407227,35.23554611
B,Train,Gravel,141.7518463,43.6939888,143.1483917,46.18645859,0.102186061,0.21611166,-0.003294003,2.226673603,0.844114482,1.477434516,125.9253311,36.99785614
B,Train,Gravel,153.4585266,37.93193054,153.5277405,38.77064514,1.615335941,2.250440359,-0.000157254,3.296741009,0.774527967,1.835882545,126.9627762,36.85138702
B,Train,Gravel,170.1847534,44.96244049,180.4120331,46.30168533,0.042195365,0.179926366,-0.020150533,2.952937365,0.875001967,2.018286943,126.3575974,36.82364273
B,Train,Gravel,196.1377106,35.08345795,182.6621399,33.79056549,0.412312031,0.619253516,0.025660083,2.629567385,0.893550932,1.723133445,126.35009,35.90859985
B,Train,Gravel,206.4251099,34.68256378,211.8759613,33.27457047,0.018745044,0.306184292,-0.009016667,3.816840172,0.939734697,2.355376482,125.7128754,37.28837585
B,Train,Gravel,210.0095367,33.86889267,213.6660309,34.66033173,0,0,-0.005941619,4.769498825,0.306064546,2.438391447,125.8083954,36.77589798
B,Train,Gravel,220.3436279,24.29013443,231.4156647,21.74225426,0.007659043,0.064450257,-0.017162982,2.905170202,0.925261676,1.66654551,128.0458984,33.49617386
B,Train,Gravel,232.8278046,19.5953083,239.7674713,16.70827675,0.037582565,0.165363073,-0.01016173,2.106443405,0.262719482,0.883823037,127.2133331,34.29650879
B,Train,Gravel,233.0157013,10.73797321,241.0752563,11.10587692,0.429469258,1.839770913,-0.011891237,5.359684944,0.553690195,2.984421253,126.5476913,35.49801636
B,Train,Gravel,233.3714294,6.271930218,235.4096222,6.200957775,1.14251864,4.106413841,-0.002986148,2.63057518,0.720159471,1.621187449,125.943985,34.75185776
B,Train,Gravel,234.2260132,15.49778461,241.0012817,15.30610371,3.258749247,2.189219475,-0.010020912,2.68200016,0.793492258,1.20521307,125.8652649,34.94176102
B,Train,Gravel,235.3986816,2.74759984,235.6890259,2.367232323,0,0,-0.000419648,1.926340222,0.515258014,0.955627859,126.4144669,25.94961357
B,Train,Gravel,239.3915558,14.18987179,246.24617,10.92968273,2.262794256,3.773779392,-0.009823055,2.008012772,0.849521041,1.213380814,126.4046555,34.20515442
B,Train,Gravel,241.3297577,6.405406952,241.7199554,5.354791164,0.041176502,0.740833819,-0.000546459,2.244761229,0.336036474,1.141141772,126.5679474,30.13886833
B,Train,Gravel,246.2926636,5.925133228,246.64534,4.336008549,0,0,-0.000488311,1.607865334,0.157756269,0.743667126,127.2003021,28.70168304
B,Train,Gravel,246.3424988,3.434090614,247.5514832,1.81870234,0,0,-0.001679949,1.539781213,0.393381387,0.480326384,126.447876,26.37043953
B,Train,Gravel,246.5501251,8.452135086,250.6775055,6.634310722,0.121461488,0.474414945,-0.00573123,2.640992403,0.831922948,1.200991392,127.3141098,30.00266647
B,Train,Gravel,247.1882782,9.251820564,250.1317139,6.875546932,0.01266438,0.091168672,-0.00408581,2.699574709,0.891454697,1.628709912,127.2466507,29.70714188
B,Train,Gravel,247.3760223,11.55870914,248.8048859,8.296723366,1.536527753,2.331029654,-0.001961941,2.240992308,0.533121288,1.471185088,126.2881088,32.12039566
B,Train,Gravel,247.9298553,5.233285904,251.0153046,3.591286421,0.087221101,0.225670084,-0.004248546,2.320651293,0.865967631,1.722022653,126.4511948,30.34984398
B,Train,Gravel,248.3746338,7.954473019,251.3488464,5.177217484,0.126567915,1.081356168,-0.004109015,2.984731913,0.754208088,1.638513088,126.087265,32.4915123
B,Train,Gravel,249.5652313,4.286326885,248.9716339,3.693158388,0,0,0.000801004,1.566937089,0.708970964,0.63165015,125.0266113,28.17974854
B,Train,Gravel,250.3979187,2.542314053,250.2591095,1.893478394,0.002028031,0.096984424,0.000186752,2.093663692,0.571165025,0.966689289,126.4883804,24.4107132
B,Train,Gravel,251.1366425,6.048720837,251.0024719,4.475947857,0.055670254,0.451856196,0.000181102,6.338510036,0.970737636,3.326940536,126.0584412,26.3841362
B,Train,Gravel,251.2105103,5.244310856,252.4293823,3.953322887,0,0,-0.001662044,1.752833247,0.386621475,1.003975868,126.7836227,28.41766739
B,Train,Gravel,251.6218872,2.042785406,253.316803,1.732035756,0,0,-0.002248827,2.608972788,0.95667541,1.123598337,124.8153305,24.52735519
B,Train,Gravel,252.0215302,2.550124168,253.1220551,2.183515072,0,0,-0.001453886,3.080553293,0.834334195,1.962306857,125.6342926,22.45549011
B,Train,Gravel,252.1340179,2.778262138,252.243988,2.704805613,0.122893006,0.57785207,-0.000145724,1.803103089,0.594801366,0.526204288,123.9386826,31.50255966
B,Train,Gravel,252.2661133,2.549460173,252.2783051,2.623244524,0,0,-1.61E-05,1.509533882,0.857750595,0.701256156,125.6053848,25.81972694
B,Train,Gravel,252.2671661,2.965840101,252.5743256,2.177526712,0.068110645,0.237440303,-0.000415171,2.479231834,0.98826009,1.88016665,126.2214279,27.4169178
B,Train,Gravel,252.9276123,1.655309796,252.9335785,1.793821335,0.15907453,0.54569447,-7.89E-06,3.401758671,0.963505268,2.521081686,125.0164642,23.7425251
B,Train,Gravel,253.8340149,3.231473923,253.7441711,2.510721207,0.012680479,0.097943723,0.00011836,2.090559006,0.936340511,1.187896013,125.5915909,22.34868813
B,Train,Gravel,56.21603012,16.38780212,48.98231506,19.17381859,0.744137585,2.505014658,0.043635033,2.731964588,0.766715467,1.508656263,126.2404938,32.12621689
B,Train,Gravel,72.76416779,13.32634735,57.8585968,15.18253899,0.058881577,0.211628914,0.069750011,2.495007277,0.942080438,1.662325025,126.4644547,33.09135437
B,Train,Lantana camara,142.1207581,50.70758057,103.2159042,46.61308289,0.208426118,0.331815183,0.117200777,4.182925701,0.516525507,2.277228355,129.2798767,37.58684921
B,Train,Lantana camara,143.5422516,45.64779663,129.8019104,44.03974152,1.617445827,0.529794812,0.036800295,1.861812949,0.292474449,1.007679462,126.3604126,36.84091187
B,Train,Lantana camara,143.9257965,40.24041748,145.4141388,39.71297073,4.299402237,2.813184023,-0.003652917,5.22931385,0.456505448,2.63418293,127.2313919,37.04760361
B,Train,Lantana camara,145.4423065,40.18439102,101.8635712,37.83922577,1.043118477,0.512163818,0.130371585,2.289885283,0.30445987,1.375344276,127.2752151,37.11228943
B,Train,Lantana camara,147.6862335,41.01576996,130.0219879,38.65108109,0.184015229,0.341632962,0.045547429,2.627991438,0.190894008,1.651462317,128.6897888,37.25440598
B,Train,Lantana camara,173.3126068,42.56448364,131.2339478,43.41612625,1.136259794,0.920461357,0.099163227,3.316129446,0.837477863,1.866930842,126.7505798,37.07964325
B,Train,Lantana camara,179.2294159,44.54577637,159.1994781,43.52264404,0.75247699,0.782372534,0.042942096,2.310530424,0.720814466,1.08970964,127.2321243,36.45707703
B,Train,Lantana camara,179.7203522,34.07659149,141.7663727,32.19744492,1.944902539,2.010782242,0.085256331,3.05121398,0.715808272,1.972118855,125.2280807,37.49317169
B,Train,Lantana camara,190.9290161,40.55421448,163.2838287,39.26545715,1.049752712,0.969234943,0.057151295,3.35635519,0.711701035,2.040450573,124.4837723,38.01334381
B,Train,Lantana camara,193.3101044,44.37863541,160.9571381,45.78062439,1.647993088,0.736088157,0.066203043,1.712999582,0.528699577,0.964691639,126.9596863,36.4545784
B,Train,Lantana camara,198.7245941,34.70835495,180.8811035,30.78415871,2.175198078,0.657674909,0.034567006,3.348325729,0.939191759,1.99162209,125.2166595,37.24082184
B,Train,Lantana camara,205.6017456,30.20435143,172.6511078,31.01370811,0.551703513,0.388946474,0.062590703,3.154710531,0.564237475,1.827072859,124.693924,38.1714859
B,Train,Lantana camara,206.6442871,53.38309479,175.2329407,59.37330246,2.004679441,0.273483187,0.060111608,2.382049561,0.567788124,1.854642868,126.2541733,36.43943405
B,Train,Lantana camara,210.3496399,31.11593437,164.4023895,31.1776886,0.478424072,0.440552533,0.08709985,3.071903944,0.733257711,2.076196194,125.472168,37.34316254
B,Train,Lantana camara,214.0304565,46.58994293,170.7726135,54.90655899,4.970997334,0.405479997,0.081314065,2.062430859,0.316234171,1.035029769,126.296669,36.64841843
B,Train,Lantana camara,219.9513397,35.98534012,180.5792236,43.83831787,2.110721588,1.927401066,0.069875211,3.295815945,0.699320912,1.94937551,124.748436,37.16469955
B,Train,Lantana camara,224.7551727,25.3535862,192.4562988,28.11171341,1.593963146,0.661976397,0.05789249,2.870716333,0.693821847,1.885810971,124.8355026,36.9135704
B,Train,Lantana camara,229.2516022,36.65230942,199.4009399,46.18884659,1.863885403,0.650879145,0.050710045,3.61168623,0.479635835,1.815931439,124.5562592,36.8855629
B,Train,Lantana camara,231.5730896,28.32872391,203.6186066,35.40437317,1.205380321,0.488417029,0.046424974,3.566200972,0.521971285,1.595361471,124.3632813,37.05242157
B,Train,Lantana camara,38.94757462,7.455833435,15.03722191,5.499321461,2.470604181,2.652739763,0.218007714,2.245142221,0.222165897,0.883892953,127.2701263,33.76873016
B,Train,Lantana camara,46.4569397,27.69352913,28.97441101,23.33511734,1.954059601,2.685804129,0.145942867,3.126257896,0.819773197,1.890370131,126.9443436,33.93001175
B,Train,Lantana camara,48.75779724,22.21561623,24.68427277,17.41547585,3.738800049,1.708115101,0.197822511,2.044373274,0.256382406,1.127522111,126.3538284,32.96383286
B,Train,Lantana camara,56.71221924,15.14370632,19.61664009,10.97977734,2.35352087,1.483422875,0.258125216,2.266840935,0.717931151,1.322053075,127.091301,35.78962326
B,Train,Lantana camara,63.81151581,18.09263229,26.01616096,14.37378788,0.863012671,1.215619326,0.235837519,2.146058083,0.63630861,1.219603419,126.9356613,34.93925095
B,Train,Lantana camara,65.71389771,16.88594818,22.28930664,11.8241663,0.913033903,0.466361791,0.274423599,1.68578136,0.508067369,1.012586713,126.9875107,35.76460266
B,Train,Lantana camara,71.92684174,34.94353485,38.60018158,28.65973473,1.179992795,0.395208776,0.195779085,2.329546213,0.517299533,1.051321387,127.9208527,36.08764648
B,Train,Lantana camara,72.19111633,31.47192383,37.85375595,26.13493538,1.841012239,1.773336172,0.19835338,2.025800467,0.507258177,1.120122552,127.0839462,35.61673737
B,Train,Lophostemon confertus,104.7130966,52.22385788,77.22901917,47.53102493,24.42883301,2.061173677,0.107522316,2.997678518,0.665715456,1.755587578,128.3304749,37.96440887
B,Train,Lophostemon confertus,105.9400406,49.86219406,78.07833862,45.72982788,10.41279984,4.246659756,0.105830632,3.952106714,0.377010733,2.158615351,127.632431,36.94261551
B,Train,Lophostemon confertus,114.8773804,43.51395798,87.92922974,43.39599228,14.16452408,1.234652042,0.097066842,2.994564533,0.318258077,2.191075087,128.3432617,36.99149704
B,Train,Lophostemon confertus,115.1775818,44.75516891,96.89291382,43.0459137,20.1699276,2.078860521,0.061392315,2.436394453,0.488336414,1.625144243,126.6847229,36.70006943
B,Train,Lophostemon confertus,118.1973648,63.3813324,86.17521667,59.34962845,21.3335743,8.73074913,0.110551484,2.586188555,0.202203885,1.448412538,127.0835114,36.76243973
B,Train,Lophostemon confertus,124.2890167,63.76811981,93.41035461,56.76424789,23.67098236,5.802312851,0.102510102,4.711510181,0.80183202,2.355350733,127.7264862,36.53652191
B,Train,Lophostemon confertus,129.0709229,57.59352493,98.33001709,55.93649673,24.16131783,2.634988546,0.09483742,3.394664526,0.878420353,2.071321726,127.3665695,36.95112228
B,Train,Lophostemon confertus,130.3408966,50.76760483,105.7668533,47.13130569,22.67823601,2.795311451,0.073142134,2.718345881,0.766174972,1.842805147,127.1445541,36.67640305
B,Train,Lophostemon confertus,142.4862213,59.81719971,108.3903198,58.00889587,19.47796059,9.107341766,0.099093296,2.876615286,0.285128295,1.789237976,126.8219452,37.1909256
B,Train,Lophostemon confertus,147.0888977,59.4064064,124.7378464,58.68967819,24.64132118,5.311199665,0.059203129,3.038776636,0.227490529,1.526035428,126.6852798,36.6162262
B,Train,Lophostemon confertus,158.5549316,47.56734467,123.9963608,44.71878052,16.45918465,1.041380763,0.089002639,1.915314078,0.624747038,0.942443848,126.4036255,36.47338486
B,Train,Lophostemon confertus,162.3178558,58.34498596,126.9173508,54.44395828,19.97669411,10.58156681,0.089408055,3.596915483,0.866874814,2.185726881,126.8386002,37.90572357
B,Train,Lophostemon confertus,163.3627319,46.12425613,129.7517548,46.31707001,20.84765434,0.756337643,0.084848501,2.329118967,0.547663808,1.287754416,127.0526199,36.70059586
B,Train,Lophostemon confertus,172.1781616,37.05322647,142.6306305,38.68634415,11.59850979,1.879004598,0.067563973,1.719178915,0.333382457,0.932187259,126.1765594,37.13647461
B,Train,Lophostemon confertus,172.345871,58.50653839,138.7360382,57.74769974,23.31538391,1.247571707,0.080042645,2.612135172,0.764910519,1.698893309,126.4033737,36.77138901
B,Train,Lophostemon confertus,173.2933655,39.99258041,153.6842957,39.68069077,14.88017654,2.001156807,0.043113779,2.784104824,0.412308455,1.899628758,125.7188034,36.95413971
B,Train,Lophostemon confertus,176.669342,44.27348709,152.1677246,49.98956299,27.13611603,1.238686323,0.052499037,2.234354258,0.307987601,1.59224093,126.0860901,37.2066803
B,Train,Lophostemon confertus,178.9939423,42.49550629,151.9023132,45.36222076,16.50016975,1.071947455,0.058913279,2.139261246,0.308075756,1.580240369,125.7825775,37.28586197
B,Train,Lophostemon confertus,179.0356445,35.86516953,159.1658325,39.35064697,16.62781525,1.954651117,0.042036418,2.237984657,0.587188959,1.319657922,125.6750107,37.43860626
B,Train,Lophostemon confertus,181.2290039,39.21762085,155.3965302,43.16532516,14.11928368,2.800211191,0.055781737,2.309768438,0.437157512,1.438908577,126.0592804,36.99939346
B,Train,Lophostemon confertus,182.5449982,33.39102173,150.6276398,35.65945053,18.4678154,1.389898539,0.067915738,2.296620369,0.73132658,1.49816978,125.1717529,37.97034454
B,Train,Lophostemon confertus,184.7463989,44.94838715,148.6943054,46.29472351,22.83233261,1.273703694,0.076758541,2.767440319,0.46849218,1.660441279,126.5997543,37.07977295
B,Train,Lophostemon confertus,186.5042267,34.92522812,162.5981445,38.55658722,17.40911102,0.799018562,0.048444614,1.788697839,0.316369861,0.866544962,125.6558533,38.01257706
B,Train,Lophostemon confertus,194.8392487,46.11233521,152.6502228,47.50658035,26.90989876,4.909205437,0.088240661,2.709300518,0.488601297,1.223107338,125.8537445,36.96020126
B,Train,Lophostemon confertus,198.7736511,51.4737854,163.5554962,52.17797852,24.84719086,6.256322384,0.070749618,2.357083559,0.477984667,1.130037904,126.008728,37.2679863
B,Train,Lophostemon confertus,199.3871613,46.30163193,163.6010895,47.57263947,25.84344482,1.149755836,0.07111682,1.957555652,0.345718354,1.003621817,125.8665619,37.29763794
B,Train,Lophostemon confertus,202.1611938,43.36982727,168.7257233,45.25032043,24.65436745,1.586844921,0.064821817,2.3820014,0.251952648,1.724524617,125.2653656,37.8072052
B,Train,Lophostemon confertus,204.4914551,32.18546677,179.3600769,39.67824173,16.41397095,8.256327629,0.046386134,2.18266058,0.790420651,1.192564249,125.9840622,36.78547287
B,Train,Lophostemon confertus,205.5422211,44.2166748,174.4812927,48.18499756,22.89364624,4.1023283,0.059503041,3.084299088,0.351620585,1.717366576,125.6300278,37.61377335
B,Train,Lophostemon confertus,205.9147034,48.1292038,174.485199,52.74268723,26.03035927,1.406334519,0.061197352,1.990340829,0.495273441,1.2018224,126.2839661,36.79382324
B,Train,Lophostemon confertus,206.759079,39.22065735,170.7246399,40.25026321,23.10169983,1.911297441,0.069347426,2.069129705,0.305507094,0.988567948,126.4591522,36.33049393
B,Train,Lophostemon confertus,207.3167267,39.13085175,177.0486145,43.67278671,14.30138493,2.330807447,0.057151791,3.115905285,0.93063736,1.954277515,126.10466,37.10650253
B,Train,Lophostemon confertus,207.7369232,40.08257675,170.22995,42.79203415,22.62083244,6.687771797,0.07114999,3.13427186,0.902152061,2.160852194,125.9025421,37.46055222
B,Train,Lophostemon confertus,210.9376526,40.34704971,175.3019409,44.04215622,26.50769424,0.684659779,0.0661247,2.141540766,0.571443081,1.716694236,124.6854095,38.52027512
B,Train,Lophostemon confertus,215.0862732,41.78836441,181.0867004,45.88796997,19.92833519,7.297480106,0.062010895,2.44165802,0.748122215,1.790787458,125.6019974,37.06431198
B,Train,Lophostemon confertus,216.3471375,39.0241127,183.6350098,46.55902863,22.67425919,0.893616199,0.058393903,1.769898295,0.138457015,1.011523128,125.4591446,37.65553284
B,Train,Lophostemon confertus,220.3664551,35.39708328,195.801651,41.05791092,16.4823513,2.598855972,0.043839231,2.295007229,0.546299696,1.5552634,125.9770813,36.54568481
B,Train,Lophostemon confertus,220.7893372,38.8269577,189.4689178,46.4811821,15.6822958,1.248202324,0.05603011,2.094395399,0.635084987,1.564208508,126.1075134,36.69811249
B,Train,Lophostemon confertus,220.9767609,40.170578,185.0462036,46.04722214,16.77126503,1.568901777,0.065803185,2.47704339,0.738732278,1.431806326,125.5421982,36.76502991
B,Train,Lophostemon confertus,221.7476501,35.28907776,193.5443268,41.58476257,25.45385933,2.152820587,0.049546167,2.256144285,0.814798772,1.515785456,126.1629639,36.35397339
B,Train,Lophostemon confertus,230.5605927,29.02844048,196.8377228,39.62322235,13.83106232,3.847962618,0.059309598,2.063050985,0.497209489,1.246050358,126.1527557,34.76992798
B,Train,Lophostemon confertus,66.13674927,33.81612778,40.96138763,29.78680611,25.82081413,5.909243107,0.155916989,3.175165176,0.578239024,1.981500506,127.8975906,36.05667114
B,Train,Lophostemon confertus,66.55204773,31.92747307,45.76231766,29.23182297,15.32201958,4.288988113,0.122164287,2.698716164,0.62905699,1.43510592,127.0513229,35.40185928
B,Train,Lophostemon confertus,94.530159,45.6517868,76.98252106,43.2845459,14.40650368,3.937833786,0.071060658,4.659603596,0.152256444,2.39711833,127.8751678,37.17895126
B,Train,Lophostemon confertus,95.34371185,42.40807724,72.12193298,38.75411224,11.19118786,4.731694221,0.095570438,2.776887655,0.731065273,1.805794597,126.9528961,36.42035675
B,Train,Pinus elliottii,116.3628006,52.42556,80.61267853,46.06236267,19.88188934,8.976275444,0.129530609,2.476539135,0.734805107,1.73065722,127.8757782,37.44142151
B,Train,Pinus elliottii,146.375351,51.58976364,117.8871155,47.81993103,14.38806725,4.73507452,0.078093141,3.330023766,0.258000433,2.107448816,126.7967682,37.02104187
B,Train,Pinus elliottii,188.1225586,38.04924011,152.2511292,35.25845718,13.76308727,4.863010883,0.07641317,2.126835346,0.318933189,0.894993484,125.9541245,37.12485886
B,Train,Pinus elliottii,188.9953461,45.07249451,156.4565582,43.10976028,13.90860653,1.398574591,0.068478972,2.101241589,0.357998818,1.119992733,126.2197571,37.19697571
B,Train,Pinus elliottii,201.7617188,44.85623169,167.4313202,43.89976501,15.74879551,1.634276986,0.069072254,2.149368286,0.271537244,1.287623882,125.6878357,37.20030594
B,Train,Pinus elliottii,208.5543518,27.99121666,181.1247559,32.03098679,19.62223816,2.714667082,0.051497906,1.830177188,0.601511896,1.033910632,126.1039124,36.8938446
B,Train,Pinus elliottii,209.3015137,43.137146,182.802124,44.21510315,14.26362801,5.10654974,0.049449667,2.039782763,0.328946024,0.916131079,125.7959061,36.91569519
B,Train,Pinus elliottii,211.0995636,34.67568588,197.9334106,40.86905289,12.479846,1.116569757,0.022341875,2.374371767,0.155594304,1.263115883,124.1891022,38.73197937
B,Train,Pinus elliottii,211.1334991,48.04353333,175.4774933,56.44422913,14.31664467,1.987950444,0.066178888,2.489043236,0.593717337,1.132931471,125.5281067,37.18484116
B,Train,Pinus elliottii,212.7833862,23.7680397,193.8100281,27.37844276,20.95430374,1.976563096,0.033160236,2.137870312,0.524844289,1.133657694,125.8914337,36.20042038
B,Train,Pinus elliottii,212.8601532,33.53248596,180.6144714,35.29972839,11.92694855,2.249950886,0.059242595,1.610458255,0.169264331,0.877490282,125.7903061,37.13312912
B,Train,Pinus elliottii,213.2619324,33.72621536,175.8283234,31.60276794,13.87919807,5.867758274,0.070128694,2.259172916,0.490753978,1.221711516,125.3797073,37.56473541
B,Train,Pinus elliottii,214.7494812,41.84622192,189.4663696,45.09237289,14.06951427,2.502781153,0.045117218,3.512155533,0.698753238,2.055896282,125.1780014,37.27852249
B,Train,Pinus elliottii,215.0228577,36.70340347,183.1364899,40.03285599,24.99738693,1.039128304,0.058773059,2.102658987,0.536122203,1.551862478,126.3304062,36.72867966
B,Train,Pinus elliottii,215.0272217,38.54272461,194.222229,41.58337402,8.648467064,3.087440968,0.036581278,2.654244661,0.524756253,1.577876329,126.0978088,35.65688324
B,Train,Pinus elliottii,218.0900421,22.11332321,200.115509,27.25440407,22.41472244,3.431674957,0.03096424,1.860824704,0.314744353,0.855207086,126.4640427,35.77695465
B,Train,Pinus elliottii,219.5350342,25.21316338,192.6052704,28.58040237,20.45552635,2.501014948,0.04787346,1.812087774,0.538064897,0.831453919,126.0886841,36.37485886
B,Train,Pinus elliottii,224.5039673,31.7912178,188.0633545,35.41761398,16.08781624,1.650247335,0.064877927,2.117041349,0.449049741,1.274974942,125.5235367,36.51649094
B,Train,Pinus elliottii,224.6114655,30.19750404,195.8914948,30.76946449,20.8906517,2.284609556,0.049419336,1.93695581,0.599607408,1.160691857,126.186409,35.75505066
B,Train,Pinus elliottii,225.3027802,38.57507324,196.0936127,48.18375015,19.41215134,5.175889492,0.049778279,1.622501373,0.127465799,0.68941313,126.0653381,36.28397751
B,Train,Pinus elliottii,228.474411,33.16125488,203.8375549,40.07685089,13.9690361,2.241108656,0.042451832,2.269523144,0.247854918,1.301322937,125.1289368,36.98087311
B,Train,Pinus elliottii,229.4266205,29.89505005,197.8596802,39.43541718,13.49240398,2.263431549,0.054200932,2.639858007,0.309439868,1.619410753,125.0897522,37.10702133
B,Train,Pinus elliottii,230.2372589,33.70941925,208.7698517,43.19449615,22.61463737,1.035155058,0.035525221,2.005223036,0.347280532,1.029535174,125.6647797,36.26692963
B,Train,Pinus elliottii,244.2791748,16.03771019,231.6786194,25.77597237,20.62335396,7.019812584,0.018854404,2.474482775,0.551881015,1.657896519,125.3050308,34.45491409
B,Train,Structure,149.4235687,42.16801453,203.5510559,38.73165894,2.44109726,0.845401645,-0.110095233,3.483210087,0.706704617,1.878873944,127.6604538,35.86170959
B,Train,Structure,199.3009796,20.93623543,199.8092499,20.9177227,2.270749331,0.375492722,-0.000861413,1.731631398,0.04480489,0.687249899,127.0743027,34.23202896
B,Train,Structure,223.2022858,33.10379028,234.0291443,31.07445335,0.165483192,0.475103676,-0.016314304,1.988805294,0.792077899,1.290510297,124.5749588,35.02497864
B,Train,Structure,247.0027924,14.54398823,248.8111725,12.72467709,0.055888932,0.189653635,-0.002435055,1.995864868,0.673172712,1.369408011,123.9291916,32.68473816
B,Train,Structure,248.3865204,6.453683853,249.4792023,6.681907177,1.104551673,2.06015873,-0.001462545,2.351284504,0.528705955,1.514057755,125.3657227,27.58411598
B,Train,Structure,248.6072693,6.135400772,249.3153687,7.531705379,0.582490146,0.890002191,-0.000948179,1.132828355,0.704307914,0.431552559,127.3036804,25.14397621
B,Train,Structure,250.0751801,2.736572981,198.9202576,4.814579964,0.237734407,0.7428931,0.074218653,1.044096708,0.696017146,0.37798664,127.0238419,29.99427414
B,Train,Structure,250.2785797,1.082617044,250.5205231,1.461960912,0.459779471,0.934475303,-0.000322085,1.190748811,0.831734002,0.461797804,125.8859787,26.4480114
B,Train,Structure,252.3418884,2.963469744,253.0455933,3.128332853,2.393676758,0.489522636,-0.000927797,1.079121113,0.727438211,0.598412097,126.0268173,23.66326141
B,Train,Structure,254.2082367,1.635719657,253.5384369,1.494010687,0.112241186,0.365743488,0.000881442,1.374770045,0.352469027,0.802043557,124.805687,25.28199387
B,Train,Syncarpia verecunda,174.4021149,34.20847321,157.4472046,33.99621964,18.20314026,1.961534858,0.036263902,2.080415726,0.297299176,1.644254923,124.9090424,38.68665695
B,Train,Syncarpia verecunda,34.46910095,15.42659378,26.563591,13.99555588,9.775744438,7.138585567,0.08614891,3.144207001,0.285174817,2.055987358,126.708519,31.19083214
B,Train,Syncarpia verecunda,63.32027435,23.78472519,38.15714645,21.85085869,13.44231033,3.403476477,0.161507666,2.843330145,0.868194044,1.717269182,127.2417831,35.00397873
B,Train,Syncarpia verecunda,74.77371216,36.70175934,48.37759018,33.02902222,15.50661564,2.169854879,0.14624761,2.067708015,0.341740072,1.219726563,126.8456573,35.5530014
B,Train,Water,27.44539261,3.523283243,15.70156288,4.160280228,0.056713283,0.482633293,0.12861827,2.453671455,0.862407327,1.860856414,127.0090561,23.46396065
B,Train,Water,33.21483231,6.204402924,22.5512085,6.432546139,0,0,0.099176526,2.001446247,0.228447676,0.970297813,127.5574265,32.61974335
B,Train,Water,46.61562729,14.15038204,44.64008713,16.820961,4.096755505,4.937072754,0.014032864,4.762164116,0.865766406,2.581552505,127.9497604,34.14879608
B,Train,Water,56.50429153,2.352879047,57.47684097,2.610242844,0,0,-0.00561424,1.434185028,0.712346911,0.524155974,127.0717316,26.56230736
B,Train,Water,58.01040649,2.116200209,58.41139221,2.179543018,0.000331062,0.035557065,-0.002245061,1.974763751,0.437609106,0.980966151,126.8385468,29.91267204
B,Train,Water,62.36206055,2.32609725,63.15118408,2.298581839,0,0,-0.004136511,1.759243369,0.431182086,0.511562705,126.8384476,29.38927841
B,Train,Water,77.05627441,10.27063179,79.06699371,11.6824255,0,0,-0.008839898,3.164141893,0.566717029,1.75874424,125.8633423,34.60443497
C,Train,Corymbia intermedia,112.2617722,36.42720795,138.0142365,40.85398483,19.83724594,6.050052166,-0.064530052,2.934788227,0.577156723,1.690411329,127.0876846,37.0219574
C,Train,Corymbia intermedia,116.4144745,44.56554413,128.0321655,49.65675735,18.94465637,8.814408302,-0.029141817,3.348407745,0.708770692,1.86726892,128.1729126,37.93221283
C,Train,Corymbia intermedia,130.8499146,33.61617661,154.6304474,35.92294693,23.61072922,4.429205418,-0.052658301,1.757071495,0.523162782,0.92557776,126.7830124,36.60761261
C,Train,Corymbia intermedia,134.1078033,25.954319,170.8658142,27.72300148,11.61679363,10.96149349,-0.077524357,2.061790943,0.869025171,1.548038244,127.0569458,36.52778244
C,Train,Corymbia intermedia,151.6895905,19.00894356,185.8825531,19.20378304,20.77649117,4.297549248,-0.06522689,2.81577158,0.785708308,1.770998359,126.1915054,36.67260361
C,Train,Corymbia intermedia,152.149765,37.61830902,186.6486206,38.99795151,16.63324547,7.003929615,-0.063495986,2.202028751,0.705307066,1.212048411,126.335289,35.91028976
C,Train,Corymbia intermedia,156.2680054,39.76213837,186.1801605,41.95853806,23.26661873,0.875819564,-0.055045117,2.728099108,0.407980114,1.385134697,125.0455322,37.69406891
C,Train,Corymbia intermedia,158.2039948,34.83854675,191.3458405,36.37485123,22.0757618,1.534526825,-0.059667919,2.342939854,0.209879041,1.53640759,124.2528458,38.03544617
C,Train,Corymbia intermedia,179.9166718,28.71837044,207.9777222,29.80923462,17.46411514,0.586773098,-0.046018466,2.912656069,0.356088161,2.065872192,123.6017609,39.41966248
C,Train,Corymbia intermedia,72.32914734,31.74106598,74.09596252,35.50872803,23.98040009,1.816456795,-0.007368756,2.20127964,0.894872069,1.401628733,129.9389038,39.00993347
C,Train,Corymbia intermedia,81.21289825,34.19772339,84.17520142,39.53569412,25.67630386,2.540447235,-0.011100382,2.775102615,0.825351417,1.897595525,128.9023132,37.41510391
C,Train,Corymbia intermedia,90.50240326,27.67380142,114.3970642,36.84994125,10.38710308,9.673532486,-0.074722968,2.120239973,0.761837542,1.102883935,126.8504715,35.01046371
C,Train,Corymbia intermedia,97.70089722,28.78446198,108.349762,33.53364182,18.65200615,4.133466244,-0.032633178,3.827189445,0.359284908,2.266872883,130.505188,39.23848724
C,Train,Corymbia tessellaris,101.8115997,42.43064499,112.2376556,49.38254166,17.73195457,5.40692997,-0.031156028,3.125692844,0.828603208,2.276411533,128.3555298,37.72847366
C,Train,Corymbia tessellaris,134.183197,28.77999115,161.6521149,31.9263649,17.71911621,5.895261765,-0.059491184,3.046223879,0.264932036,1.768648148,125.4525299,37.86737442
C,Train,Corymbia tessellaris,150.3016357,47.26464844,176.654892,56.14444733,14.99318695,0.833845258,-0.051418271,2.105230331,0.280308872,1.086679459,125.3156433,38.20121384
C,Train,Corymbia tessellaris,75.02367401,41.694561,80.23674774,46.39232254,10.33660984,5.999516964,-0.020753466,3.844631195,0.73996526,1.770638108,127.395401,37.39967346
C,Train,Corymbia tessellaris,82.67303467,25.57111931,99.44758606,29.74683571,10.43493462,9.631185532,-0.058940627,3.159827232,0.796437383,1.565415978,127.486557,37.53002167
C,Train,Eucalyptus propinqua,102.5753174,39.47612,117.4408798,45.41089249,21.89897346,2.634353399,-0.041981943,2.259799242,0.629181564,1.298091412,128.594986,37.26904678
C,Train,Eucalyptus propinqua,112.6100998,31.80737877,140.8336182,35.57147217,16.6781559,11.36128139,-0.069790289,3.225790977,0.671568811,2.03005743,128.079361,37.91320801
C,Train,Eucalyptus propinqua,117.2374725,23.35440445,148.1627502,24.39736748,20.38201141,5.707046032,-0.072928697,3.038410187,0.786925972,1.471663952,126.1656418,37.16303253
C,Train,Eucalyptus propinqua,127.1031647,27.9400177,149.9300995,29.89313316,24.29837227,5.839791298,-0.052459385,3.068122864,0.715062261,1.889585376,125.2143173,38.1873436
C,Train,Eucalyptus propinqua,133.3961639,33.21044922,162.3171997,33.75368881,5.620224953,3.788622141,-0.059682138,2.290904045,0.438579381,1.123890638,126.6872864,36.64890671
C,Train,Eucalyptus propinqua,139.4644165,43.48813248,155.8914185,49.01617813,16.67749405,9.220462799,-0.035000961,3.649374008,0.41068083,2.035505772,125.6877823,37.40287018
C,Train,Eucalyptus propinqua,140.3553009,41.23680496,157.9268799,45.95370483,23.94924355,5.344779015,-0.037154708,2.823090792,0.308127016,1.34840703,124.617157,38.90571213
C,Train,Eucalyptus propinqua,142.7569275,36.51342773,170.7381134,40.24549866,28.59313202,1.192439318,-0.056425683,2.854683161,0.78070724,2.090909481,127.1896362,36.44597244
C,Train,Eucalyptus propinqua,142.7837677,40.24943161,160.4303741,44.19807053,21.94787216,10.05289841,-0.036237754,3.409413338,0.62068671,2.021267653,124.8558121,37.96278763
C,Train,Eucalyptus propinqua,149.4919434,47.15992355,161.0506439,52.53975677,26.86629486,0.697541952,-0.023737965,2.078975201,0.243705541,1.310168624,126.1951218,37.13910675
C,Train,Eucalyptus propinqua,150.1302185,48.42418289,162.1793213,53.06433868,19.97582817,3.910185099,-0.024380365,2.233767271,0.775010228,1.416220427,125.4683456,38.02920532
C,Train,Eucalyptus propinqua,152.236496,33.32538986,175.5942078,36.28556061,25.87825966,3.312729597,-0.044804346,2.102334023,0.442485631,0.980226517,126.1681061,36.80293655
C,Train,Eucalyptus propinqua,153.7954407,33.13925552,176.2356415,36.42683792,23.68882561,3.930859804,-0.042810589,2.141771555,0.259687006,1.176141858,126.2122803,37.09043121
C,Train,Eucalyptus propinqua,156.1863556,39.79734039,171.1836243,43.24182129,22.24056435,3.330454588,-0.028828045,3.140326023,0.662683904,1.778591037,124.4761887,38.74880981
C,Train,Eucalyptus propinqua,156.4402771,40.94382477,176.8231659,44.24807358,26.54834938,0.855863154,-0.038357519,2.001942635,0.484328002,0.867266119,126.092247,36.74199677
C,Train,Eucalyptus propinqua,159.7246704,23.01756287,182.4488983,24.8666687,29.21938324,3.357901335,-0.042608317,2.003984928,0.538268805,0.8181777,126.3757095,36.1507225
C,Train,Eucalyptus propinqua,161.5747986,26.86698723,182.8132324,30.772995,27.17890167,4.774316311,-0.039798021,1.863705158,0.245644793,1.038502455,126.2490158,36.33101273
C,Train,Eucalyptus propinqua,55.81671143,24.99921417,51.05229187,26.66636086,17.09214783,6.259657383,0.02706081,2.497304678,0.514936805,1.4554528,127.074791,35.61439514
C,Train,Eucalyptus propinqua,59.83850098,28.25045586,68.7743988,31.60487175,26.7625885,2.804478407,-0.044776317,4.25065279,0.600097775,2.288216114,129.900238,38.87974548
C,Train,Eucalyptus propinqua,75.88127136,29.2896843,73.36004639,30.77474022,21.18809128,7.210617542,0.010406049,3.281248569,0.663520932,1.977880478,130.0536652,37.45188904
C,Train,Eucalyptus propinqua,85.34294891,37.26258087,88.86785126,45.92969513,24.32936287,2.602786303,-0.012622678,1.923570037,0.190005153,1.252981544,128.7185669,37.90089417
C,Train,Eucalyptus propinqua,97.97400665,37.17933655,100.6708832,42.90098953,27.96604347,3.066395283,-0.008311496,3.890240431,0.751713753,2.221823454,128.7297974,38.32274246
C,Train,Eucalyptus siderophloia,109.0132675,31.73670959,133.1858978,35.82117462,18.7685051,5.466751575,-0.063401192,2.69452405,0.364170909,1.408991337,126.6827164,36.5055542
C,Train,Eucalyptus siderophloia,115.4951401,36.04648972,138.2879486,40.28779984,17.47647667,2.634888649,-0.056031782,2.238602638,0.579749346,1.442814589,127.1691437,37.09179306
C,Train,Eucalyptus siderophloia,122.0737,32.53001022,146.572464,35.14355087,22.93783569,6.381661892,-0.058721993,1.862864733,0.522177458,1.180601835,127.2279434,37.08887863
C,Train,Eucalyptus siderophloia,128.0488586,41.05117798,148.5389099,44.14892197,23.05379486,6.292483807,-0.046509232,2.711139679,0.801469505,1.518155217,128.3153381,36.90176392
C,Train,Eucalyptus siderophloia,134.1898499,27.42290306,163.7809448,26.69048882,13.24632072,8.515976906,-0.063644066,2.469990015,0.844894946,1.795719504,126.0067825,37.05171204
C,Train,Eucalyptus siderophloia,135.2341309,30.56366158,158.2542267,33.56697083,24.6297245,5.649765015,-0.05021527,2.059051991,0.568920612,1.211139321,127.0862656,36.55014038
C,Train,Eucalyptus siderophloia,135.8755493,34.63903427,152.7845306,36.76415253,21.09433174,1.995115161,-0.037467912,2.330256939,0.77367121,1.625504494,126.0710526,36.93592072
C,Train,Eucalyptus siderophloia,137.3463135,22.89612389,161.3207703,23.00719261,25.77523804,0.965611517,-0.051521827,2.084745646,0.649092972,1.804573536,124.7660065,38.65983582
C,Train,Eucalyptus siderophloia,138.9537659,32.41506577,164.0909424,34.1450882,19.5961895,6.896847725,-0.052750915,2.163432837,0.654581904,1.124946237,126.5158234,36.71249008
C,Train,Eucalyptus siderophloia,139.6693573,24.33288383,158.6758575,26.66949081,25.69258118,2.943577766,-0.04123693,3.848979712,0.43029204,1.980338335,125.8820724,37.63248062
C,Train,Eucalyptus siderophloia,143.7891693,43.94888306,166.0955048,46.79345322,26.84285927,1.174598932,-0.045769371,1.884672523,0.274223506,0.751768708,127.4050903,36.55110168
C,Train,Eucalyptus siderophloia,150.4024658,39.4167099,163.4602051,42.38733673,20.79497719,6.469041348,-0.026221169,2.212647438,0.743836939,1.315837264,124.8369827,37.88860703
C,Train,Eucalyptus siderophloia,154.8680573,48.44120026,170.6613922,52.90333557,17.66929245,1.215812325,-0.031305723,2.378991365,0.539871514,1.227458835,126.0446014,38.0519104
C,Train,Eucalyptus siderophloia,156.4610901,41.55425644,186.5424805,43.13995361,26.01852989,7.827467442,-0.056486957,2.453298092,0.601867497,1.189460635,127.0012131,36.24915695
C,Train,Eucalyptus siderophloia,157.1793823,27.16268539,179.5094299,29.92405128,24.54841423,5.612013817,-0.042273257,2.901433468,0.686369538,1.744482636,125.6836472,36.36499405
C,Train,Eucalyptus siderophloia,157.68396,39.78140259,171.9827118,43.73159027,24.42233276,1.988212943,-0.028326334,2.562797546,0.649205863,1.327020764,126.2775726,37.07653809
C,Train,Eucalyptus siderophloia,159.7845306,37.38424301,180.4695587,40.12966919,16.86347008,6.014840603,-0.039644361,3.663443804,0.667314827,1.750349283,125.4115982,37.75664902
C,Train,Eucalyptus siderophloia,161.9865417,31.59055901,176.5920105,31.24604988,20.20251846,7.171149254,-0.028342659,3.703852892,0.822240829,2.140142202,124.5080338,37.47860336
C,Train,Eucalyptus siderophloia,167.3667297,35.38087845,197.252594,36.17084122,26.13839722,0.749246359,-0.052167762,3.811756611,0.900566161,1.890095592,124.8043289,37.74533463
C,Train,Eucalyptus siderophloia,167.6135864,42.9875412,185.8088684,44.4756813,16.77976608,4.951827049,-0.033538383,3.612741232,0.660702765,2.078286171,126.060112,37.45854187
C,Train,Eucalyptus siderophloia,167.678299,43.28905106,191.5396271,44.92340469,26.82312775,2.212362289,-0.043262701,2.189181805,0.389419258,0.817561984,126.4849396,36.52605438
C,Train,Eucalyptus siderophloia,173.5018005,29.39584351,206.7306519,30.43652916,19.88361931,1.547043085,-0.057191569,2.614091396,0.256788403,1.453719854,126.5941238,36.3804245
C,Train,Eucalyptus siderophloia,174.0371552,38.15505981,191.0168457,39.73013687,25.62124634,10.5110693,-0.030606193,2.111359358,0.696988225,1.289195776,126.2567062,36.91010666
C,Train,Eucalyptus siderophloia,181.1419678,32.53529358,210.4458313,31.11323929,23.84730721,9.270107269,-0.048133675,2.456662893,0.619405091,1.768370509,126.2276382,35.59799957
C,Train,Eucalyptus siderophloia,185.8044281,32.62434387,212.5943146,30.87953758,13.99509907,10.27731228,-0.043573465,2.236387014,0.652884066,1.228681207,125.1564255,38.27750778
C,Train,Eucalyptus siderophloia,77.74887848,35.59826279,87.06936646,42.78705597,14.361619,12.77012825,-0.036449429,4.092815876,0.9576388,2.538042068,128.0386047,37.08402634
C,Train,Eucalyptus siderophloia,78.27952576,22.4992466,86.79666138,26.41437149,20.53433037,4.15239048,-0.032588426,3.786940813,0.560718,2.001488924,129.8758698,39.03121567
C,Train,Eucalyptus siderophloia,91.32318878,39.61320496,94.08260345,44.60098267,17.04318237,3.29074502,-0.009258481,3.493748665,0.86814934,1.984196544,127.9797668,37.93599701
C,Train,Eucalyptus tereticornis,111.1392441,40.32831573,136.3400879,45.52343369,19.90871811,3.559427977,-0.065815076,2.410735607,0.89197439,1.851150632,129.0896912,38.866539
C,Train,Eucalyptus tereticornis,116.6470032,34.57335663,134.7458649,41.42132568,7.787140369,8.08819294,-0.04676633,3.853956699,0.840540469,2.284459352,127.4765396,37.72153473
C,Train,Eucalyptus tereticornis,123.8739471,47.382164,140.7813873,52.46384048,14.69954967,7.87788868,-0.041546218,2.739991188,0.676996768,1.508349299,126.6787567,37.26719284
C,Train,Eucalyptus tereticornis,154.3653564,48.02231598,184.0111389,51.35001755,16.76838875,4.11508894,-0.056869715,2.520127058,0.717708528,1.266460896,125.5655594,37.71621704
C,Train,Eucalyptus tereticornis,32.77918625,14.57380486,26.76525497,16.56313133,8.766029358,7.829357147,0.06449502,2.502990484,0.667960644,1.479324222,127.2827454,32.22835922
C,Train,Eucalyptus tereticornis,36.75341797,14.8810482,33.84649277,15.12142563,12.12205219,4.880322933,0.024443982,2.401132584,0.758123815,1.394672155,129.9814148,37.88940048
C,Train,Eucalyptus tereticornis,66.22464752,34.84088135,71.90621948,39.19649124,15.17429733,10.22117424,-0.02665657,3.912759066,0.506068408,2.050768137,127.8148346,37.76014328
C,Train,Eucalyptus tereticornis,68.63838959,44.8489151,75.77907562,49.17658997,21.09818268,4.366985321,-0.031989101,3.008633614,0.236216769,1.518117666,129.1674652,38.05767059
C,Train,Eucalyptus tereticornis,84.53160095,23.38262177,93.50862122,27.61483383,11.29050922,10.9783535,-0.031515744,2.089049101,0.665652812,1.186937332,128.4201508,38.31988144
C,Train,Eucalyptus tereticornis,91.38613129,42.79255676,106.8698654,51.42009354,20.65468979,1.620187998,-0.050114863,2.654109478,0.551587343,1.438806772,130.4254456,39.05080032
C,Train,Grass,109.8567657,37.85232162,150.1458893,42.42583466,0,0,-0.094391644,2.374747276,0.734432817,1.462438226,129.9075623,39.15764236
C,Train,Grass,133.4338531,21.24764824,181.498642,21.46893311,0,0,-0.096483916,2.135942459,0.758518159,1.150824308,127.1268539,36.57532883
C,Train,Grass,140.4839325,27.2073307,182.5425873,28.805439,1.479881048,4.588561058,-0.081689514,2.326734304,0.82340169,1.875397682,127.0618362,36.72659302
C,Train,Grass,140.6078491,41.07764435,191.1684113,43.92208862,0,0,-0.092934586,2.594559669,0.861946046,1.938189626,127.9861755,36.31646729
C,Train,Grass,144.831543,34.17392731,193.0444641,37.34722519,0,0,-0.090151146,3.269561768,0.631570518,1.883087516,128.7780151,37.1596489
C,Train,Grass,147.1942902,24.58650589,191.6809235,25.21497154,0.004668828,0.115662076,-0.085278645,3.060095549,0.470810086,1.467937708,127.3196106,36.41540527
C,Train,Grass,147.3969116,24.66488075,190.5125122,24.42344856,0.000588619,0.054840665,-0.081476979,1.793913245,0.455067694,0.780707061,126.2764587,36.4071846
C,Train,Grass,150.6166229,25.06836319,204.0853882,24.79635239,0,0,-0.098110579,1.91439724,0.425229013,1.171721935,126.9714661,36.41920853
C,Train,Grass,152.5765533,47.44792557,198.9360657,48.56552887,0.000821703,0.022582186,-0.081342772,1.947279334,0.411258042,0.916806877,127.0870132,35.93711472
C,Train,Grass,154.1648254,40.02090836,208.2242279,39.983078,0,0,-0.094282612,1.931509137,0.712711096,0.947294056,127.3192749,36.25150681
C,Train,Grass,159.509613,24.90726471,203.0885315,23.34117699,5.66247654,8.350157738,-0.078273043,2.277659178,0.52183795,1.742148042,126.6917572,35.71681213
C,Train,Grass,164.1301422,46.9277153,215.2169647,42.32792664,0,0,-0.084394634,2.083402872,0.457541347,1.236011267,127.3504333,35.33114243
C,Train,Grass,176.4832153,15.75252056,222.410141,14.20356941,0,0,-0.072101019,1.668800116,0.349670112,0.7645154,127.2120132,34.78399277
C,Train,Grass,179.9117584,33.09936142,207.7436523,30.44254494,0.306568265,0.711416364,-0.045688543,1.878001332,0.401196837,0.791959345,126.9686661,35.06926346
C,Train,Grass,180.370697,32.78348541,224.9604797,30.5064888,0,0,-0.070086241,2.057627916,0.321280479,1.094787836,127.1322403,34.71677017
C,Train,Grass,180.4420166,14.24950981,224.588501,13.06867123,0,0,-0.070228182,2.348436117,0.576029122,1.571113348,127.416008,35.62753677
C,Train,Grass,183.3549194,41.18629456,225.8423309,37.03689957,0,0,-0.067141868,2.20761323,0.653749049,1.136687875,127.4059296,35.59412384
C,Train,Grass,184.0696259,40.28162003,223.508194,33.93356705,0,0,-0.061319988,2.109615803,0.48775202,1.047203422,126.6768875,34.59269333
C,Train,Grass,187.7093506,13.53950119,227.4240723,11.59200287,0.010339198,0.338134587,-0.061902285,1.828528881,0.417853326,1.099042654,126.840889,35.07753372
C,Train,Grass,189.0542755,29.60719109,232.0098114,18.76029205,0.000472168,0.015383548,-0.06572219,2.247147799,0.424282521,0.971364021,126.7582703,32.93971252
C,Train,Grass,190.7588959,35.1970787,233.4181213,20.50780106,0,0,-0.064621083,1.744101167,0.753279805,0.879028618,126.9475479,32.62665558
C,Train,Grass,195.3822174,20.05049706,235.3353729,13.30092716,0.951174021,3.854063034,-0.060103308,1.565663695,0.638941646,0.57809186,126.8424454,33.97027206
C,Train,Grass,197.2872467,37.01464081,234.6959381,20.46253586,0.000885952,0.035691701,-0.05629842,2.060263872,0.579673469,0.834619403,127.2508011,32.96446228
C,Train,Grass,198.0701141,36.31386185,236.9185181,23.0912056,0,0,-0.057424512,2.272190571,0.705859423,1.285848856,127.4936981,32.46938324
C,Train,Grass,199.3834076,17.54026413,241.2953644,12.55584049,0,0,-0.061278772,1.919912815,0.444743335,0.808442771,126.9288254,34.40297318
C,Train,Grass,199.9896698,30.09580421,247.2819977,13.67535782,0,0,-0.068074152,2.508924007,0.794492066,1.558429718,126.8384018,28.90652657
C,Train,Grass,202.6126556,42.15690613,241.8713074,23.91143608,0,0,-0.057029303,1.909500718,0.460339218,0.726583123,126.8025589,32.26873016
C,Train,Grass,203.5941467,25.18188667,245.2297058,10.56493282,0,0,-0.059982561,4.603419781,0.777452946,2.625790834,124.9034424,33.21627045
C,Train,Grass,206.831131,34.23418427,238.7990417,20.09515762,0,0,-0.046604093,2.144183159,0.522423804,1.212953687,126.1087341,34.40097046
C,Train,Grass,208.3020172,16.30392265,247.1707306,8.908758163,0.050956145,0.21309121,-0.055336036,1.755108118,0.231731668,0.712591887,127.0258942,32.2093811
C,Train,Grass,208.8918762,26.85630417,244.7423248,15.09293652,0,0,-0.0513402,1.878094912,0.715247452,1.249577165,127.4778824,30.82491875
C,Train,Grass,212.0793152,27.35710907,246.3161621,13.71611214,0,0,-0.04843457,2.836845875,0.652841449,1.69737947,126.0294037,30.38101768
C,Train,Grass,216.0808716,23.23465347,248.178894,11.12164974,0,0,-0.045097955,1.782968283,0.67664516,0.884033024,127.1692352,30.69800377
C,Train,Grass,76.74052429,22.38151169,92.72425842,30.38269424,0,0,-0.061025027,2.540025473,0.797060072,1.794569969,127.1641541,36.92712021
C,Train,Grass,97.22013855,19.18755341,117.2904434,25.3388443,7.355332375,10.8306427,-0.060991257,5.088480473,0.457285672,2.435931206,127.0683975,36.15337753
C,Train,Gravel,112.6636276,8.441409111,89.20703888,12.35664749,0,0,0.076959603,1.654445529,0.464361697,0.862174988,127.3704758,35.37925339
C,Train,Gravel,119.1583099,27.50193024,129.8496094,37.72209167,0,0,-0.02825702,6.551312923,0.929546058,3.205577612,127.2033691,38.94762802
C,Train,Gravel,119.4702148,24.86919403,129.7723389,29.01640511,0.568935752,3.03881979,-0.02704153,5.26843977,0.424799681,2.395894766,127.1644363,36.75333023
C,Train,Gravel,184.6640167,27.0266037,225.0807495,25.99603462,0.915732861,0.850509405,-0.064061172,3.73256588,0.533436,1.944265127,126.6254044,35.90486145
C,Train,Gravel,206.8043213,8.464559555,229.2823486,7.664759159,3.75523138,7.774495602,-0.034016952,2.228498459,0.23703602,1.126152039,126.9309998,32.30450058
C,Train,Gravel,216.8168793,5.193082333,218.787384,7.337705612,0,0,-0.002991605,1.695241332,0.695070088,0.727654457,126.9213562,33.19602203
C,Train,Gravel,222.3434143,18.50782585,247.4095459,8.977182388,0.352163613,0.44029659,-0.035186604,3.48235178,0.834793508,2.441558361,125.3011398,34.79353714
C,Train,Gravel,227.379425,12.95171452,235.7251434,3.620515585,0.598970354,3.157989025,-0.011940757,1.618416667,0.394582838,0.670986712,126.1031876,25.6157608
C,Train,Gravel,232.0692902,8.245783806,247.7470245,5.8346591,4.774711132,9.323163033,-0.021557055,1.841504812,0.814550638,1.273117185,126.0759811,22.89966202
C,Train,Gravel,237.432373,8.295202255,253.4728546,3.420499563,1.136546612,4.082374096,-0.02160145,1.570577621,0.52724874,0.537523806,126.2927933,27.98458862
C,Train,Gravel,244.9058838,1.93475616,245.698822,1.561133981,0.002199026,0.07108397,-0.001076537,1.829767227,0.365617245,0.904721558,128.1882172,31.40919876
C,Train,Gravel,248.6513824,4.633209705,246.9732971,1.600510478,0,0,0.002261256,1.596160412,0.361560166,0.702089489,125.618248,25.85632133
C,Train,Gravel,249.0613556,3.09366703,248.1592255,1.766121626,0,0,0.001208992,1.863227725,0.854116082,1.317474246,125.9435959,30.02596664
C,Train,Gravel,249.684845,2.266948462,250.7244263,1.639173508,0.030173488,0.269746959,-0.001383324,1.455713749,0.740370452,0.687913597,126.2731857,25.71535492
C,Train,Gravel,249.9036255,3.201112986,249.2949982,1.468488574,0,0,0.000813158,2.01352787,0.639979541,0.81249994,126.6440277,25.18594933
C,Train,Gravel,250.4328918,2.764090538,251.4026642,0.846742272,0,0,-0.001288082,1.476956487,0.765988171,0.645707607,126.2881088,22.70530128
C,Train,Gravel,250.7290039,8.583600998,254.3561707,1.147027612,0,0,-0.004777553,1.821526766,0.807249367,0.701717079,122.3544388,30.89730644
C,Train,Gravel,251.4676056,2.094626904,249.7084351,0.935684144,0,0,0.002341522,1.778193712,0.774517834,0.913402081,126.6757126,30.49088287
C,Train,Gravel,253.9484863,1.557817459,253.2162018,1.188484907,0.026416961,0.158717021,0.000962861,1.867853165,0.680084467,0.711839378,124.6376038,27.87384033
C,Train,Gravel,254.0137787,3.578672647,253.6729126,1.654029965,0.359667122,2.137036085,0.00044735,1.788566113,0.780074716,0.671971202,124.2278671,24.57661438
C,Train,Gravel,68.83978271,12.30631542,56.08359528,14.63833332,0,0,0.067578048,2.875279427,0.698467851,1.440471649,127.0374222,34.50836563
C,Train,Gravel,74.30827332,13.12400818,42.04567719,11.10751629,0,0,0.185373917,1.906916976,0.736308634,1.051942706,126.068718,30.81401634
C,Train,Gravel,82.32833099,12.15771484,73.24430847,18.09093666,0,0,0.038665656,1.871628165,0.712518275,0.864764094,126.7405167,34.83534622
C,Train,Lantana camara,102.8720322,44.4358902,123.9280472,49.86760712,1.913234711,1.33437705,-0.055742875,3.753134727,0.681761384,2.065019131,128.2309418,37.35803223
C,Train,Lantana camara,127.9064865,42.55521393,138.9567871,45.63621902,2.984633923,3.50755024,-0.024872104,3.825757742,0.931251049,2.215920687,127.3719711,37.28639603
C,Train,Lantana camara,135.1369324,41.23382187,144.8845367,42.43253708,7.180737019,4.761597633,-0.020923177,2.767550945,0.362452,1.608372211,128.5818939,38.1130867
C,Train,Lantana camara,142.8374481,39.02613449,189.7351227,37.74161148,1.578038335,0.664649665,-0.086629242,2.460874319,0.452990443,1.380408883,127.4007721,36.44830704
C,Train,Lantana camara,148.1294708,40.17147827,173.0230103,43.10743713,2.503086805,2.177269459,-0.04695604,2.53055954,0.794794381,1.867289543,125.6187057,37.1399765
C,Train,Lantana camara,151.2285767,33.47231293,171.5515289,35.04486084,0.444293559,0.515786886,-0.037811097,1.698589206,0.553823769,1.027257919,126.5119171,36.33958054
C,Train,Lantana camara,151.8881226,38.19345474,169.4204254,40.71488953,0.56311059,0.521154463,-0.033147499,2.265090942,0.570643008,0.796242714,126.5159836,36.7635231
C,Train,Lantana camara,152.2486267,36.04108047,157.9875641,37.33775711,2.342356682,0.38716054,-0.011018412,2.566676617,0.493634313,1.506335378,125.3366699,37.40298843
C,Train,Lantana camara,152.5018921,28.68968773,190.6965179,28.86387253,1.560762525,0.543453217,-0.069117613,2.185333967,0.379419148,1.209380984,126.8943481,36.53764343
C,Train,Lantana camara,48.32527924,20.67767143,47.39871979,22.57883644,1.088039994,0.888163269,0.005668059,3.427262306,0.295207888,1.947844744,129.2681427,37.26760483
C,Train,Lantana camara,50.3346405,9.819842339,19.44514465,8.519138336,2.110225916,0.484491318,0.268298864,1.946507692,0.025390409,0.638349473,126.5118179,33.67729187
C,Train,Lantana camara,53.01093292,19.09494591,27.78107834,19.24586868,0.999361396,0.345779806,0.18108426,3.487311363,0.830808818,1.416078925,127.9359283,36.24589539
C,Train,Lantana camara,66.12715149,30.64201355,63.02629852,32.89940262,3.748639822,1.856126308,0.014066262,2.372459173,0.795013487,1.608011603,127.1094666,36.44307327
C,Train,Lantana camara,70.90304565,30.54815102,88.27326202,33.38370514,0.709112167,1.15107882,-0.064413249,3.695905447,0.791920722,2.198934078,130.5399323,39.23922348
C,Train,Lantana camara,82.32505798,43.65192795,84.77928925,48.21261978,0.507152319,0.505547225,-0.0087029,2.818624973,0.841152489,1.72059238,130.1608124,38.79475021
C,Train,Lantana camara,92.92712402,34.3897934,79.89136505,38.0744133,0.297644019,0.368873149,0.045207035,3.67203784,0.633431911,1.874866843,128.4793091,37.91832733
C,Train,Lantana camara,98.02442932,36.59147263,109.9533844,41.7548027,3.004610538,5.422236919,-0.036075655,2.900667667,0.684326708,1.740353942,127.6805038,36.40947342
C,Train,Lophestemon confertus,149.2972717,42.91908646,204.1379395,42.21398926,20.36423492,4.011227131,-0.094232589,2.272577524,0.824960232,1.352177143,125.3125839,36.4905014
C,Train,Lophestemon confertus,150.0536194,44.83021545,180.6482544,49.58872986,23.74296951,0.826269209,-0.056289241,1.822657704,0.415204853,0.888761342,125.8068161,37.32541656
C,Train,Lophestemon confertus,160.8318787,44.73656464,189.4686737,49.31671524,27.64807701,0.877284348,-0.049850959,1.743630886,0.408093631,0.671742201,126.1788559,36.2265625
C,Train,Lophestemon confertus,168.9777679,34.28102112,212.495575,36.46709061,20.03151703,3.113609314,-0.070318237,1.745578885,0.764126241,0.820960581,126.517601,34.4743309
C,Train,Lophestemon confertus,176.0024567,29.9329834,212.1498108,30.87335587,23.82439232,0.744033098,-0.058050416,2.015634537,0.741998971,0.839669526,125.9017944,36.25160599
C,Train,Lophestemon confertus,65.85640717,33.12992477,61.95722961,37.15807724,17.09475136,5.917425632,0.017674318,3.124037027,0.907989144,1.812427878,129.2956848,38.52856827
C,Train,Lophostemon confertus,100.9559937,37.92154694,136.0395203,53.8133812,21.8672657,0.509593964,-0.085035205,3.134819031,0.800312698,2.299320221,129.2485809,36.73814774
C,Train,Lophostemon confertus,107.7726212,33.8659935,149.1876526,36.4826622,23.6149025,0.893039882,-0.094371408,1.826643825,0.639987171,0.949649215,126.679863,36.43080139
C,Train,Lophostemon confertus,108.3865738,43.57904816,132.9951019,52.02630997,19.70907211,4.786460876,-0.058825295,2.075131416,0.727099895,1.186056614,127.0095901,37.24873352
C,Train,Lophostemon confertus,121.5656052,40.40727997,132.568985,47.29782486,22.84209251,0.735554874,-0.026499193,2.006970882,0.698890746,0.947890818,126.9714661,36.61987305
C,Train,Lophostemon confertus,123.1845016,46.77431107,135.6480103,54.65203094,18.1687603,3.391746044,-0.030258624,4.176730633,0.871910393,2.248842716,125.7806473,38.01780701
C,Train,Lophostemon confertus,137.1528931,40.48054123,174.8565826,46.43869019,18.67793274,1.449386716,-0.073121868,3.273396492,0.776531279,2.147049665,126.333519,37.33857346
C,Train,Lophostemon confertus,141.1107788,40.62748337,168.3642578,50.01248169,24.80328178,1.817237139,-0.052725822,2.542285204,0.399774462,1.663861394,126.3790512,37.02462769
C,Train,Lophostemon confertus,141.7400665,40.02614594,189.8619537,43.43202972,18.62998772,1.520138025,-0.087575704,2.166702747,0.436181605,1.120342016,125.8602448,36.56465149
C,Train,Lophostemon confertus,142.428772,45.16102219,165.9488831,47.77705383,20.11641312,4.35785675,-0.045872509,3.038159132,0.763413191,1.624921441,125.2248764,37.73313141
C,Train,Lophostemon confertus,144.1825867,34.3571434,179.8345032,38.13149643,18.39001465,1.788718939,-0.066085443,2.040822744,0.620726883,1.365565181,125.8374939,37.39980316
C,Train,Lophostemon confertus,145.613678,37.41619873,212.9803467,39.6812973,21.81850433,4.218110085,-0.113575771,1.692297339,0.471853942,1.327009559,125.489502,36.48316956
C,Train,Lophostemon confertus,145.6769104,37.60340881,177.9013519,43.8887825,25.39871216,4.56801796,-0.060013864,2.02668643,0.552825391,1.147910833,125.5355759,37.02609253
C,Train,Lophostemon confertus,145.8211823,43.1169014,183.5838776,46.32025528,19.35076904,1.312591314,-0.070480846,2.163374424,0.712754548,1.271023512,126.3635101,36.54939651
C,Train,Lophostemon confertus,147.6773682,30.42361259,191.6453857,36.60916901,19.90464783,5.605066299,-0.078443989,2.456053495,0.313939244,1.110874295,125.969429,36.63461685
C,Train,Lophostemon confertus,147.8170929,37.95835876,211.6430206,37.70218658,21.57616043,0.576429188,-0.107870452,2.459985971,0.434684724,1.105917811,124.7330246,37.19910049
C,Train,Lophostemon confertus,153.1676025,35.14965057,171.1407776,36.95462036,21.0355587,5.965000153,-0.034447107,3.755478621,0.516435981,1.969207287,122.720047,39.90603638
C,Train,Lophostemon confertus,158.8659058,34.10732269,201.6901855,35.42100143,16.83573914,2.107072115,-0.072072878,2.495693445,0.303369194,1.588272572,125.1468658,37.08276367
C,Train,Lophostemon confertus,159.2140045,46.04320145,211.0368805,41.8796196,20.34660149,3.280332804,-0.086398892,1.874348402,0.28144145,0.910404265,126.1578293,35.24040604
C,Train,Lophostemon confertus,163.7644653,46.00065613,183.7459259,46.26524353,19.41988564,3.328338861,-0.036326803,3.024111509,0.562326372,2.017682314,124.8075409,37.51101685
C,Train,Lophostemon confertus,164.2410583,37.66039658,202.6246185,44.31087494,24.71235085,3.819416285,-0.06467218,2.387406826,0.735906661,1.27102232,126.6184387,36.04898453
C,Train,Lophostemon confertus,41.83809662,10.86333561,29.1407795,11.03877926,15.1398468,3.89120841,0.105193317,2.197232008,0.344268203,1.337865591,128.4135284,34.7716713
C,Train,Lophostemon confertus,54.14843369,26.56253433,44.02644348,28.4317379,15.11045837,5.778401375,0.062769838,1.899213791,0.551267087,0.854054868,126.7579346,34.19251633
C,Train,Lophostemon confertus,67.62057495,39.20254517,71.39073181,45.75378036,20.17330551,2.209285259,-0.016772719,4.307480335,0.794254541,2.168923855,129.534256,38.77772522
C,Train,Lophostemon confertus,68.3049469,34.9209671,81.43134308,42.72768784,20.29382706,1.948656797,-0.049604908,3.090904236,0.478514671,2.171257734,130.070282,38.98265076
C,Train,Lophostemon confertus,71.26455688,39.89992905,77.87511444,45.59191513,17.13457298,9.409575462,-0.02614334,2.451397896,0.388491839,1.599444747,128.3597565,36.61944199
C,Train,Lophostemon confertus,78.54297638,38.22259903,69.50836945,42.34197998,27.50497246,3.665939569,0.037182759,1.848586202,0.787694275,0.995152593,127.6676102,36.84129333
C,Train,Lophostemon confertus,83.1211319,39.25878525,92.81784821,45.31545639,20.45301628,0.873721302,-0.032597862,3.760307789,0.376200914,1.82468152,129.6559448,38.44732285
C,Train,Lophostemon confertus,83.69124603,37.73431015,92.67713928,42.99478149,22.86693764,0.917193651,-0.03023261,3.135746717,0.317358762,1.916579962,128.832428,38.49883652
C,Train,Lophostemon confertus,84.86238098,34.12937164,111.8526077,45.37859344,27.95261955,1.422922134,-0.078297414,3.567545414,0.842303813,1.707551241,130.2178497,38.10628891
C,Train,Lophostemon confertus,85.01224518,32.57241058,97.39829254,45.46614456,28.91724968,0.378380924,-0.039035663,3.095955372,0.629034221,1.995993257,128.8358917,37.94255447
C,Train,Lophostemon confertus,85.36517334,29.26184654,98.65572357,32.89431,17.08303261,0.446555823,-0.042642854,4.262739182,0.084049702,2.27093482,130.9290924,39.73654938
